ID,Hora de inicio,Hora de finalización,Email,Estudias,Pais,Estado,Ciudad,Nacionalidad,Año,Sexo,Genero ,Estudios,Tipo de Migrante,Residencia,Origen,Procedencia,País3,Estado4,Año 2,Razones,Estatus,Año 3,Pertenencia,Grupo,Discriminación,Contactos,Red,Bienestar 1,Bienestar 2,Bienestar 3,Bienstar 4,Bienestar 5,Bienestar 6,Acciones,Culminar,Justificación,Permanencia
1,8/12/25 10:24:46,8/12/25 10:26:08,anonymous,Si,Mexico,Puebla ,Puebla ,Mexicana ,2005,Masculino,Hombre,Profesional,No soy migrante. Soy originario de la ciudad de Puebla y estoy residiendo en ella.,,,,,,,,,,,,,,,,,,,,,,, ,
2,8/12/25 10:25:13,8/12/25 10:26:50,anonymous,Si,Mexico,Puebla,Puebla,mexicana,2005,Femenino,Prefiero no decirlo,Profesional,No soy migrante. Soy originario de la ciudad de Puebla y estoy residiendo en ella.,,,,,,,,,,,,,,,,,,,,,,,,
3,8/12/25 10:24:52,8/12/25 10:26:52,anonymous,Si,Mexico,Puebla,Puebla,Mexicana,2002,Masculino,Hombre,Profesional,No soy migrante. Soy originario de la ciudad de Puebla y estoy residiendo en ella.,,,,,,,,,,,,,,,,,,,,,,,,
4,8/12/25 10:25:09,8/12/25 10:29:01,anonymous,Si,Mexico,Veracruz,Cordoba,Mexicana,2003,Masculino,Hombre,Profesional,"Interna. Movimiento de personas dentro de un país, incluido dentro del mismo estado de Puebla (foráneos, o vienes de San Andrés Cholula, etc.).",Si,,De otro estado de la Republica Mexicana (distinto a Puebla),,Option 2,2021,Estudios,Solo(a),2020,De acuerdo,Si,No,Si,Amigos,Bien,Neutro,Neutro,Neutro,Neutro,Bien,Convivios donde se motive a compartir cosas de otros estados o países para que las culturas puedan convivir ,Si,Planeo cursar la carrera aquí por cuestiones económicas y de comodidad,Si
5,8/12/25 10:24:26,8/12/25 10:29:58,anonymous,Si,Mexico,Hidalgo ,Cuautepec de Hinojosa ,No tengo ninguna otra.,2004,Masculino,Hombre,Profesional,"Interna. Movimiento de personas dentro de un país, incluido dentro del mismo estado de Puebla (foráneos, o vienes de San Andrés Cholula, etc.).",Si,,De otro estado de la Republica Mexicana (distinto a Puebla),,Option 2,2024,Estudios,Solo(a),2024,De acuerdo,Si,No,Si,"Es pequeña, no conozco a muchas personas.",Bien,Bien,Bien,Bien,Bien,Bien,Que hubiera personas que pudieran escucharnos.,Si,Porque me gusta la ciudad y me queda cerca de mi lugar de origen.,No
6,8/12/25 10:25:22,8/12/25 10:30:32,anonymous,Si,Mexico,Estado de Mexico,Toluca ,Mexicana ,2004,Femenino,Mujer,Profesional,"Interna. Movimiento de personas dentro de un país, incluido dentro del mismo estado de Puebla (foráneos, o vienes de San Andrés Cholula, etc.).",Si,,De otro estado de la Republica Mexicana (distinto a Puebla),,Option 2,2005,Familiares,Con familia,2023,De acuerdo,Si,No,Si,Buena ,Bien,Bien,Bien,Neutro,Bien,Bien,Abrir el diálogo ,Si,Me gusta la ciudad y la gente aquí ,Si
7,8/12/25 10:25:30,8/12/25 10:31:13,anonymous,Si,Mexico,San Luis Potosí ,San Luis Potosi,Mexicana,2005,Masculino,Hombre,Profesional,"Interna. Movimiento de personas dentro de un país, incluido dentro del mismo estado de Puebla (foráneos, o vienes de San Andrés Cholula, etc.).",Si,,De otro estado de la Republica Mexicana (distinto a Puebla),,Option 2,2024,Estudios,Solo(a),2024,Completamente de acuerdo,Si,No,Si,"Muy sólida, principalmente con los compañeros de la compañía de teatro musical",Bien,Neutro,Neutro,Bien,Neutro,Bien,Tener más acercamiento por parte de administración y mentores a estudiantes foráneos para entender su situación y ayudarles a integrarse más cómodamente al Tec,Si,Por el plan de estudios,No
8,8/12/25 10:27:13,8/12/25 10:31:41,anonymous,Si,Mexico,CDMX,CDMX,mexicana ,2004,Femenino,Mujer,Profesional,"Interna. Movimiento de personas dentro de un país, incluido dentro del mismo estado de Puebla (foráneos, o vienes de San Andrés Cholula, etc.).",Si,,De otro estado de la Republica Mexicana (distinto a Puebla),,Option 2,2024,Estudios,Solo(a),2024,De acuerdo,Si,No,Si,"hoy en día, muy buena y confiable ",Bien,Bien,Bien,Bien,Bien,Bien,tal vez hacer grupos donde se den recomendaciones ,Si,me siento cómoda en la ciudad y no me gustaría volver a empezar de cero en otra cuando ya me encariñe ,Si
9,8/12/25 10:24:34,8/12/25 10:32:15,anonymous,Si,Mexico,Estado de México ,Ecatepec ,Mexicana,2006,Masculino,Hombre,Profesional,"Interna. Movimiento de personas dentro de un país, incluido dentro del mismo estado de Puebla (foráneos, o vienes de San Andrés Cholula, etc.).",Si,,De otro estado de la Republica Mexicana (distinto a Puebla),,Option 2,2024,Estudios,Solo(a),2024,Completamente de acuerdo,Si,No,Si,Excelente ,Bien,Bien,Muy bien,Muy bien,Muy bien,Muy bien,Todo bien :),Si,Por qué tengo amigos aquí que valoro mucho :),Si
10,8/12/25 10:25:44,8/12/25 10:34:24,anonymous,Si,Mexico,Morelos,Cuautla,mexicana,2003,Femenino,Mujer,Profesional,"Interna. Movimiento de personas dentro de un país, incluido dentro del mismo estado de Puebla (foráneos, o vienes de San Andrés Cholula, etc.).",Si,,De otro estado de la Republica Mexicana (distinto a Puebla),,Option 2,2017,Familiares,Con familia,2023,En desacuerdo,Si,No,Si,"No creo que sea muy grande, mi red de apoyo la encuentro a distancia",Bien,Bien,Neutro,Muy bien,Bien,Bien,Hacer actividades de integración  y grupos de apoyo,No,Me gustaría moverme a otro campus para estar más cerca de mi familia,No
11,8/14/25 20:07:06,8/14/25 20:10:49,anonymous,Si,Mexico,Morelos,Cuernavaca,Mexicana,2007,Masculino,Hombre,Profesional,"Interna. Movimiento de personas dentro de un país, incluido dentro del mismo estado de Puebla (foráneos, o vienes de San Andrés Cholula, etc.).",Si,,De otro estado de la Republica Mexicana (distinto a Puebla),,Morelos,2025,Estudios,Con amistades,2025,Completamente de acuerdo,Si,No,Si,"Muy buena, no me he sentido solo en ningún momento ",Muy bien,Muy bien,Muy bien,Bien,Bien,Neutro,Que hagan algunas actividades para los que son foráneos ,Si,Porque Puebla es una ciudad de estudiante que apenas está iniciando y que hay mucha área de oportunidad ,Si
12,8/14/25 20:07:45,8/14/25 20:16:44,anonymous,Si,Mexico,CDMX,CDMX,Mexicana,2005,Femenino,Mujer,Profesional,"Interna. Movimiento de personas dentro de un país, incluido dentro del mismo estado de Puebla (foráneos, o vienes de San Andrés Cholula, etc.).","No, voy y vengo todos los días de mi ciudad al campus (por ejemplo: de Atlixco, Tlaxcala, San Pedro Cholula, etc.).",Lomas de Angelopolis,,,,,,,2024,Neutro,No,No,Si,"Personas muy cercanas a mí, como familia, o amigos que he hecho en la universidad. Pocos están lejos (en otras ciudades).",Muy bien,Neutro,Neutro,Muy bien,Muy bien,Muy bien,Formar grupos de integración con estudiantes que sean originarios de Puebla. Organizar excursiones dentro de Puebla a museos o librerías —lugares que los estudiantes puedan frecuentar. ,No,Quiero transferirte de campus,No
13,8/14/25 20:20:39,8/14/25 20:20:47,anonymous,No,,,,,,,,,,,,,,,,,,,,,,,,,,,,,,,,,
14,8/14/25 20:20:17,8/14/25 20:23:25,anonymous,Si,Mexico,Guerrero,Iguala,Mexicana,2007,Femenino,Mujer,Profesional,"Interna. Movimiento de personas dentro de un país, incluido dentro del mismo estado de Puebla (foráneos, o vienes de San Andrés Cholula, etc.).",Si,,De otro estado de la Republica Mexicana (distinto a Puebla),,Guerrero,2025,Estudios,Solo(a),2025,De acuerdo,No,No,Si,Todo súper bien ,Bien,Neutro,Bien,Bien,Bien,Bien,Creo que así estamos bien ,Si,Porque si se cuenta con mi carrera completa ,No
15,8/14/25 20:22:45,8/14/25 20:24:26,anonymous,Si,Mexico,Estado de Mexico,Naucalpan ,Mexicana y Española ,2006,Masculino,Hombre,Profesional,No soy migrante. Soy originario de la ciudad de Puebla y estoy residiendo en ella.,,,,,,,,,,,,,,,,,,,,,,,,
16,8/14/25 22:00:37,8/14/25 22:01:03,anonymous,No,,,,,,,,,,,,,,,,,,,,,,,,,,,,,,,,,
17,8/15/25 3:11:01,8/15/25 3:11:07,anonymous,No,,,,,,,,,,,,,,,,,,,,,,,,,,,,,,,,,
18,8/15/25 9:53:34,8/15/25 9:59:02,anonymous,Si,Mexico,Hidalgo,Tulancingo de Bravo,Mexicana ,2006,Femenino,Mujer,Profesional,"Interna. Movimiento de personas dentro de un país, incluido dentro del mismo estado de Puebla (foráneos, o vienes de San Andrés Cholula, etc.).",Si,,De otro estado de la Republica Mexicana (distinto a Puebla),,Hidalgo,2025,Estudios,Con amistades,2025,De acuerdo,Si,No,Si,buena,Muy bien,Muy bien,Muy bien,Muy bien,Muy bien,Muy bien,una red de apoyo o un conversatorio,Si,"porque eso puede  ayudar a que los alumnos migrantes se sientan acompañados en el proceso y se compartan experiencias tanto buenas como malas, mejorando sus días ",Si
19,8/15/25 10:28:34,8/15/25 10:29:20,anonymous,Si,Mexico,Puebla,Puebla,México,2001,Femenino,Mujer,Profesional,No soy migrante. Soy originario de la ciudad de Puebla y estoy residiendo en ella.,,,,,,,,,,,,,,,,,,,,,,,,
20,8/15/25 10:57:43,8/15/25 11:01:53,anonymous,Si,Mexico,CDMX,CDMX,Mexicana ,2006,Femenino,Mujer,Profesional,"Interna. Movimiento de personas dentro de un país, incluido dentro del mismo estado de Puebla (foráneos, o vienes de San Andrés Cholula, etc.).",Si,,De otro estado de la Republica Mexicana (distinto a Puebla),,CDMX,2006,Familiares,Con familia,2021,Neutro,Si,No,Si,Muy buena y cercana. Con fácil acceso.,Muy bien,Bien,Bien,Muy bien,Bien,Neutro,Actividades de integración.,Si,Porque aquí viven mis papás y me gusta estar en mi casa.,No
21,8/15/25 11:07:29,8/15/25 11:08:30,anonymous,Si,Mexico,Puebla,Puebla,Mexicana,2005,Femenino,Mujer,Profesional,No soy migrante. Soy originario de la ciudad de Puebla y estoy residiendo en ella.,,,,,,,,,,,,,,,,,,,,,,,,
22,8/15/25 11:29:39,8/15/25 11:34:19,anonymous,Si,Mexico,Tabasco ,Villahermosa ,Mexicana ,2007,Femenino,Mujer,Profesional,"Interna. Movimiento de personas dentro de un país, incluido dentro del mismo estado de Puebla (foráneos, o vienes de San Andrés Cholula, etc.).",Si,,De otro estado de la Republica Mexicana (distinto a Puebla),,Tabasco,2010,Trabajo,Con familia,2022,Completamente desacuerdo,Sí,No,Si,Buena ,Bien,Bien,Bien,Bien,Bien,Bien,Acercarnos a ellos para escuchar sus necesidades ,No,Na so ,Si
23,8/15/25 11:49:38,8/15/25 11:50:19,anonymous,Si,Mexico,Puebla,Puebla,Mexicana,2006,Masculino,Hombre,Profesional,No soy migrante. Soy originario de la ciudad de Puebla y estoy residiendo en ella.,,,,,,,,,,,,,,,,,,,,,,,,
24,8/15/25 11:40:26,8/15/25 11:52:56,anonymous,Si,Mexico,Guerrero,Acapulco de Juarez,Mexicana,2007,Femenino,Mujer,Profesional,"Interna. Movimiento de personas dentro de un país, incluido dentro del mismo estado de Puebla (foráneos, o vienes de San Andrés Cholula, etc.).",Si,,De otro estado de la Republica Mexicana (distinto a Puebla),,Guerrero,2023,Estudios,Solo(a),2023,Completamente de acuerdo,Si,No,Si,Confiable,Bien,Muy bien,Neutro,Neutro,Neutro,Bien,Breaks más largos entre clases largas,No,Me gusta la ciudad,Si
25,8/15/25 11:54:53,8/15/25 11:55:22,anonymous,Si,Mexico,Puebla,Puebla,Mexican,2004,Femenino,Mujer,Profesional,No soy migrante. Soy originario de la ciudad de Puebla y estoy residiendo en ella.,,,,,,,,,,,,,,,,,,,,,,,,
26,8/15/25 11:54:43,8/15/25 11:55:46,anonymous,Si,Mexico,Puebla,Puebla,Mexicana,2007,Femenino,Mujer,Profesional,No soy migrante. Soy originario de la ciudad de Puebla y estoy residiendo en ella.,, ,,,,,,,,,,,,,,,,,,,,,,
27,8/15/25 11:54:42,8/15/25 11:56:03,anonymous,Si,Mexico,Puebla,Puebla,Mexicano,2006,Masculino,Hombre,Profesional,No soy migrante. Soy originario de la ciudad de Puebla y estoy residiendo en ella.,,,,,,,,,,,,,,,,,,,,,,,,
28,8/15/25 11:54:57,8/15/25 11:56:04,anonymous,Si,Mexico,Puebla,Puebla,Mexicana,2007,Masculino,Hombre,Profesional,No soy migrante. Soy originario de la ciudad de Puebla y estoy residiendo en ella.,,,,,,,,,,,,,,,,,,,,,,,,
29,8/15/25 11:54:39,8/15/25 11:56:08,anonymous,Si,Mexico,CDMX,Puebla,Mexicana,2006,Masculino,Prefiero no decirlo,Profesional,No soy migrante. Soy originario de la ciudad de Puebla y estoy residiendo en ella.,,,,,,,,,,,,,,,,,,,,,,,,
30,8/15/25 11:55:35,8/15/25 11:56:17,anonymous,Si,Mexico,Puebla,Puebla,Mexicana,2006,Masculino,Hombre,Profesional,No soy migrante. Soy originario de la ciudad de Puebla y estoy residiendo en ella.,,,,,,,,,,,,,,,,,,,,,,,,
31,8/15/25 11:53:08,8/15/25 11:56:17,anonymous,Si,Mexico,VERACRUZ,VERACRUZ,MEXICANA,2006,Masculino,Hombre,Profesional,"Interna. Movimiento de personas dentro de un país, incluido dentro del mismo estado de Puebla (foráneos, o vienes de San Andrés Cholula, etc.).",Si,,De otro estado de la Republica Mexicana (distinto a Puebla),,Veracruz de Ignacio de la Llave,2025,Estudios,Solo(a),2025,De acuerdo,Si,No,Si,Muy bueno,Bien,Bien,Bien,Bien,Bien,Bien,Tal vez talleres de Integracion o para conocer la cuidad de Puebla,No,"no, porque me gusto el estado",No
32,8/15/25 11:56:31,8/15/25 11:57:02,anonymous,Si,Mexico,Puebla,Puebla,Mexicana,2006,Masculino,Hombre,Profesional,No soy migrante. Soy originario de la ciudad de Puebla y estoy residiendo en ella.,,,,,,,,,,,,,,,,,,,,,,,,
33,8/15/25 11:54:35,8/15/25 11:57:02,anonymous,Si,Mexico,CDMX,Cdmx,Mexicana,2005,Masculino,Hombre,Profesional,"Interna. Movimiento de personas dentro de un país, incluido dentro del mismo estado de Puebla (foráneos, o vienes de San Andrés Cholula, etc.).",Si,,De otro estado de la Republica Mexicana (distinto a Puebla),,CDMX,2024,Estudios,Solo(a),2024,Completamente de acuerdo,Si,No,Si,muy bien,Muy bien,Muy bien,Muy bien,Muy bien,Muy bien,Muy bien,nada,Si,me gusta y estoy en repre,No
34,8/15/25 11:54:30,8/15/25 11:57:12,anonymous,Si,Mexico,Veracruz,Veracruz,Mexicana,2000,Masculino,Hombre,Profesional,"Interna. Movimiento de personas dentro de un país, incluido dentro del mismo estado de Puebla (foráneos, o vienes de San Andrés Cholula, etc.).",Si,,De otro estado de la Republica Mexicana (distinto a Puebla),,Veracruz de Ignacio de la Llave,2018,Estudios,Solo(a),2018,Neutro,Si,No,Si,muy acogedora,Bien,Neutro,Neutro,Neutro,Neutro,Neutro,mas actividades,Si,porque estoy cansado de que siempre sea lo miso ,Si
35,8/15/25 11:49:40,8/15/25 11:58:01,anonymous,Si,Mexico,Yucatan,Merida ,Mexicana,2006,Femenino,Mujer,Profesional,"Interna. Movimiento de personas dentro de un país, incluido dentro del mismo estado de Puebla (foráneos, o vienes de San Andrés Cholula, etc.).",Sí,,De otro estado de la Republica Mexicana (distinto a Puebla),,Morelos,2025,Estudios,Solo(a),2025,De acuerdo,Si,No,No,Mis amigos que acabo de conocer y supongo que mis profesores ,Muy bien,Neutro,Bien,Bien,Muy bien,Bien,"Supongo que llevarlos a conocer los alrededores , decirles que areas son peligrosas y hacer como descuentos en cuanto a las comidas en central o cafe por que se vive con un presupuesto mas apretado ",Si,Siento que tienen un muy buen nivel en cuanto a lo que quiero estudiar y que este campus desde los primeros semestres dan muchas oportunidades que otros no ,No
36,8/15/25 11:55:07,8/15/25 11:58:22,anonymous,Si,Mexico,puebla,san martin texmelucan,mexicana,2007,Masculino,Hombre,Profesional,"Interna. Movimiento de personas dentro de un país, incluido dentro del mismo estado de Puebla (foráneos, o vienes de San Andrés Cholula, etc.).","No, voy y vengo todos los días de mi ciudad al campus (por ejemplo: de Atlixco, Tlaxcala, San Pedro Cholula, etc.).",san martin texmelucan,,,,,,,2022,Completamente de acuerdo,Si,No,Si,buena,Muy bien,Muy bien,Muy bien,Muy bien,Muy bien,Muy bien,todo se me hace muy bien,Si,mi carrera me permite salir pero me sint comodo en este campus ,Si
37,8/15/25 11:55:09,8/15/25 11:58:26,anonymous,Si,Mexico,Veracruz,Orizaba,Mexicano,2007,Masculino,Hombre,Profesional,"Interna. Movimiento de personas dentro de un país, incluido dentro del mismo estado de Puebla (foráneos, o vienes de San Andrés Cholula, etc.).",Si,,De otro estado de la Republica Mexicana (distinto a Puebla),,Veracruz de Ignacio de la Llave,2019,Estudios,Con familia,2022,Completamente de acuerdo,Si,No,Si,Buena,Bien,Bien,Bien,Neutro,Bien,Bien,.,Si,Estudié la prepa en este campus y también terminaré la carrera aquí,No
38,8/15/25 11:54:51,8/15/25 11:58:44,anonymous,Si,Mexico,Tamaulipas ,Tampico ,Mexicana ,2006,Masculino,Hombre,Profesional,"Interna. Movimiento de personas dentro de un país, incluido dentro del mismo estado de Puebla (foráneos, o vienes de San Andrés Cholula, etc.).",Si,,De otro estado de la Republica Mexicana (distinto a Puebla),,Tamaulipas,2025,Estudios,Solo(a),2025,Completamente de acuerdo,Si,No,Si,"Bien, actualmente vivo en residencias y se nota la unión y apoyos que el Tec de Monterrey nos ofrece a nosotros los foráneos.",Bien,Bien,Bien,Bien,Bien,Muy bien,Más actividades para poder interactuar y clases en donde solo haya gente foránea.,Si,"Me gusta demasiado la ciudad y el tiempo que he estado aquí, me he acoplado demasiado bien.",Si
39,8/15/25 11:40:30,8/15/25 11:58:49,anonymous,Si,Mexico,Morelos,Cuernavaca,Mexicana,2007,Masculino,Hombre,Profesional,"Interna. Movimiento de personas dentro de un país, incluido dentro del mismo estado de Puebla (foráneos, o vienes de San Andrés Cholula, etc.).",Si,,De otro estado de la Republica Mexicana (distinto a Puebla),,Morelos,2025,Estudios,Solo(a),2025,De acuerdo,Si,No,Si,Aun no es tan fuerte o estable ya que apenas estoy empezando a vivir aquí,Bien,Bien,Bien,Bien,Bien,Bien,Tal vez el fomentar más el apoyo por parte del grupo CARE,Si,Por que cuenta con mi carrera completa.,Si
40,8/15/25 11:06:58,8/15/25 11:59:06,anonymous,Si,Mexico,Hidalgo,Zacualtipan,Mexicana,2005,Masculino,Hombre,Profesional,"Interna. Movimiento de personas dentro de un país, incluido dentro del mismo estado de Puebla (foráneos, o vienes de San Andrés Cholula, etc.).",Si,,De otro estado de la Republica Mexicana (distinto a Puebla),,Chiapas,2022,Estudios,Con familia,2023,Neutro,No,No,No,Estable,Muy bien,Neutro,Neutro,Neutro,Neutro,Neutro,No tengo ningun problema,Si,Vivo aquí,Si
41,8/15/25 11:54:28,8/15/25 11:59:54,anonymous,Si,Mexico,Tlaxcala,Apizaco,Méxicana,2006,Masculino,Hombre,Profesional,"Interna. Movimiento de personas dentro de un país, incluido dentro del mismo estado de Puebla (foráneos, o vienes de San Andrés Cholula, etc.).",Si,,De otro estado de la Republica Mexicana (distinto a Puebla),,Tlaxcala,2022,Estudios,Con familia,2022,Completamente de acuerdo,Si,No,Si,"Principalmente, mis amigos y a las personas que he conocido, incluyendo a profes y directores",Bien,Muy bien,Neutro,Bien,Neutro,Bien,"Hacer sentir a la gente que no importa de donde seas, sino quién eres como persona y sin importar de que estado vengas, todo son bienvenidos.",Si,"En general es una ciudad vecina a mi estado de nacimiento, aparte de que es una ciudad que está creciendo y en un futuro tendrá una gran oferta laboral, aparte de que no me veo en una necesidad de moverme de estado",Si
42,8/15/25 11:54:28,8/15/25 12:00:28,anonymous,Si,Mexico,Veracruz,Xalapa,Mexicana,2007,Femenino,Mujer,Profesional,"Interna. Movimiento de personas dentro de un país, incluido dentro del mismo estado de Puebla (foráneos, o vienes de San Andrés Cholula, etc.).",Si,,De otro estado de la Republica Mexicana (distinto a Puebla),,Veracruz de Ignacio de la Llave,2025,Estudios,Solo(a),2025,Completamente de acuerdo,Si,No,Si,Acabo de empezar y alumnos partes de prepaTEC ahora en profesional me han incluido e igual gente foranea que conocí nos acompañamos por estar viviendo la misma experiencia. De cualquiera manera con ambos casos me siento acompañada y como todos en el mismo piso de estar empezando lo mismo igual y sentirnos de la misma experiencia sin importar que.,Muy bien,Muy bien,Muy bien,Muy bien,Muy bien,Bien,Desconozco si ya existe pero actividades culturales que entre todos nos enseñemos nuestras culturas y asi formar una comunidad llena de muchas partes diferentes,Si,"El nivel academico no solo es parte de la institución pero hay un apoyo formativo completo que jamas había escuchado en otra escuela. Que lo importante no es solo ser bueno academicamente, pero tener relaciones, un deporte, cultural, etc y que no es opcionla, que hay un acompañamiento que te animes a formar parte de todo esto",Sí
43,8/15/25 11:55:21,8/15/25 12:00:58,anonymous,Si,Mexico,Morelos,Cuernavaca ,Mexicano ,2005,Masculino,Hombre,Profesional,"Interna. Movimiento de personas dentro de un país, incluido dentro del mismo estado de Puebla (foráneos, o vienes de San Andrés Cholula, etc.).",Si,,De otro estado de la Republica Mexicana (distinto a Puebla),,Morelos,2025,Estudios,Solo(a),2025,De acuerdo,Si,No,Si,"Tal vez no tan amplia , pero sin duda bastante fuerte",Bien,Bien,Neutro,Neutro,Neutro,Bien,"Realmente nada, todo esta bien 
",No,"no 
",No
44,8/15/25 11:54:31,8/15/25 12:00:58,anonymous,Si,Mexico,Tlaxcala,Tlaxcala,Mexicana,2007,Masculino,Hombre,Profesional,"Interna. Movimiento de personas dentro de un país, incluido dentro del mismo estado de Puebla (foráneos, o vienes de San Andrés Cholula, etc.).",Si,,De otro estado de la Republica Mexicana (distinto a Puebla),,Tlaxcala,2023,Estudios,Solo(a),2025,Completamente de acuerdo,Si,No,Si,Amigable,Muy bien,Bien,Muy bien,Muy bien,Bien,Bien,Actividades integradoras con foráneos,Si,Porque es un campus muy grande con una calidad educativa muy buena que me ayudará a mi desarrollo como persona.,Si
45,8/15/25 11:54:31,8/15/25 12:01:13,anonymous,Si,Mexico,CDMX,CDMX,Mexicana,2005,Femenino,Mujer,Profesional,"Interna. Movimiento de personas dentro de un país, incluido dentro del mismo estado de Puebla (foráneos, o vienes de San Andrés Cholula, etc.).",Si,,De otro estado de la Republica Mexicana (distinto a Puebla),,Oaxaca,2019,Estudios,Con familia,2020,Neutro,Si,Sí,No,bien,Neutro,Neutro,Neutro,Neutro,Neutro,Neutro,Crear instituciones solidas que los apoyen,Si,Es la única opción,No
46,8/15/25 11:54:52,8/15/25 12:01:20,anonymous,Si,Mexico,Puebla.,Puebla.,Mexicana.,2007,Masculino,Hombre,Profesional,"Interna. Movimiento de personas dentro de un país, incluido dentro del mismo estado de Puebla (foráneos, o vienes de San Andrés Cholula, etc.).",Si,,De otro estado de la Republica Mexicana (distinto a Puebla),Mexico,Puebla,2025,Estudios,Con familia y amistades,2025,De acuerdo,Si,No,Si,Buena.,Bien,Bien,Bien,Bien,Bien,Bien,Hacer un grupo de estudiantes foráneos.,Si,"Porque me gustaría irme de intercambio o al tec campus Monterrey, pero solo un semestre y terminar mi carrera aquí ya que está mi familia y amigos cerca.",Si
47,8/15/25 11:54:33,8/15/25 12:01:27,anonymous,Si,Mexico,Puebla.,Tehuacan,Mexicana.,2007,Masculino,Hombre,Profesional,"Interna. Movimiento de personas dentro de un país, incluido dentro del mismo estado de Puebla (foráneos, o vienes de San Andrés Cholula, etc.).",Si,,De otro estado de la Republica Mexicana (distinto a Puebla),Mexico,Puebla,2025,Estudios,Con amistades,2025,Neutro,Si,No,Si,Suficiente.,Muy bien,Bien,Bien,Bien,Bien,Mal,"Juntar a las personas de un mismo lugar de origen, para que no se sientan solas desde un inicio, por si les cuesta socializar con personas nuevas.",Si,Por todas las oportunidades o beneficios que ofrece esta universidad.,Si
48,8/15/25 11:48:21,8/15/25 12:01:37,anonymous,Si,Mexico,CDMX,Ciudad de México,Mexicana,2006,Femenino,Mujer,Profesional,"Interna. Movimiento de personas dentro de un país, incluido dentro del mismo estado de Puebla (foráneos, o vienes de San Andrés Cholula, etc.).",Si,,De otro estado de la Republica Mexicana (distinto a Puebla),,CDMX,2019,Trabajo,Con familia,2025,De acuerdo,Si,No,Si,"Super, ya tenía una conocida y me he sentido incluida, aunque considero de importancia que haya más grupos y/o actividades que me ayuden a conocer a más personas de diferentes áreas y tener siempre una cara conocida, no solo por mí, sino por las personas que empiezan desde cero.",Muy bien,Neutro,Bien,Bien,Bien,Bien,"Actividades para conocer a personas de todas las áreas, como grupos en donde se concentren en conocer interactuar, sobre todo turnándose para poder conocer a cada quien un poco más a fondo sin que sea la actitud externa social que se da en grupo comúnmente.",Si,"me gusta mucho el campus, aunque también consideraría la expansión de horizontes, aunque no sé si la pregunta refiere a terminar la carrera completa en el campus Puebla o a salir de la universidad en campus puebla.",Si
49,8/15/25 11:55:19,8/15/25 12:03:03,anonymous,Si,Mexico,Puebla ,Puebla ,México ,2006,Femenino,Mujer,Profesional,"Interna. Movimiento de personas dentro de un país, incluido dentro del mismo estado de Puebla (foráneos, o vienes de San Andrés Cholula, etc.).",Si,,De otro estado de la Republica Mexicana (distinto a Puebla),NA,Puebla,2024,Estudios,Solo(a),2024,Completamente de acuerdo,Si,No,Si,"Buena, ya que todos somos foráneos, asi que nos entendemos, y en toda lo que se pueda nos apoyamos",Bien,Bien,Bien,Muy bien,Bien,Muy bien,"En el área de comunicación, podría ser que en las pantallas aparezca una sección de tips de foráneos, consejos, etc.",Si,Aún no he pensado otra cosa ,Si
50,8/15/25 11:08:56,8/15/25 12:03:24,anonymous,Si,Mexico,Hidalgo,Tepeji del Rio,Méxicana,2006,Femenino,Mujer,Profesional,"Interna. Movimiento de personas dentro de un país, incluido dentro del mismo estado de Puebla (foráneos, o vienes de San Andrés Cholula, etc.).",Si,,De otro estado de la Republica Mexicana (distinto a Puebla),N/A,Hidalgo,2024,Estudios,Solo(a),2024,Completamente de acuerdo,Si,No,Si,Buena,Muy bien,Neutro,Neutro,Bien,Bien,Bien,"Tener un grupo para introducir a las personas a la cuidad, salir al super o a lugares lindos de la ciudad.",Si,Porque me mude aquí,Si
51,8/15/25 11:59:17,8/15/25 12:05:20,anonymous,Si,Mexico,Veracruz,Boca del Río,Mexicana,2007,Masculino,Hombre,Profesional,"Interna. Movimiento de personas dentro de un país, incluido dentro del mismo estado de Puebla (foráneos, o vienes de San Andrés Cholula, etc.).",Si,,De otro estado de la Republica Mexicana (distinto a Puebla),,Veracruz de Ignacio de la Llave,2025,Estudios,Solo(a),2025,Completamente de acuerdo,Si,No,Si,"Amigable, accesible y de confianza",Bien,Neutro,Muy bien,Muy bien,Muy bien,Muy bien,Que se llevaran a cabo eventos donde se preparen platillos típicos del lugar de procedencia de los foráneos para promover más conexión entre todos,Si,Porque es muy buena universidad y no esta tan lejos de donde provengo.,No
52,8/15/25 12:02:40,8/15/25 12:23:35,anonymous,Si,Mexico,Veracruz,Xalapa,Mexicana,2007,Femenino,Mujer,Profesional,"Interna. Movimiento de personas dentro de un país, incluido dentro del mismo estado de Puebla (foráneos, o vienes de San Andrés Cholula, etc.).",Si,,De otro estado de la Republica Mexicana (distinto a Puebla),,Veracruz de Ignacio de la Llave,2025,Estudios,Solo(a),2025,Completamente de acuerdo,Si,No,Si,"Esta es mi primera semana, y he creado buenas primeras amistades que son de prepa TEC y foraneos y con todos me siento apoyada y comprendida e incluida",Muy bien,Muy bien,Muy bien,Muy bien,Muy bien,Muy bien,"No se si existe, pero actividades cuturares don de los mimos estudiantes presenten de donde vienen asi creamos relaciones y conocimiento cultural asi nos sentimos todos de lo mismo",No,"No solo se enfocan en lo academico, siendo la mejor universidad con los mejores agresados, pero es por que han un equilibrio en una formación completa y te hacen ser parte de esta formación fisica mental emocional y ninguna otra escuela lo tiene",Si
53,8/15/25 14:17:15,8/15/25 14:23:47,anonymous,Si,Mexico,Veracruz,Orizaba,Mexicano,2006,Masculino,Hombre,Profesional,"Interna. Movimiento de personas dentro de un país, incluido dentro del mismo estado de Puebla (foráneos, o vienes de San Andrés Cholula, etc.).",Si,,De otro estado de la Republica Mexicana (distinto a Puebla),,Veracruz de Ignacio de la Llave,2021,Estudios,Solo(a),2021,Completamente de acuerdo,Si,No,Si,Segura,Muy bien,Neutro,Muy bien,Bien,Muy bien,Muy bien,Conocer más personas,Si,Me gusta mucho la universidad,No
54,8/15/25 14:54:22,8/15/25 14:56:47,anonymous,Si,Mexico,Puebla,Puebla ,Mexicana y coreana ,2007,Femenino,Mujer,Profesional,No soy migrante. Soy originario de la ciudad de Puebla y estoy residiendo en ella.,,,,,,,,,,,,,,,,,,,,,,,,
55,8/15/25 15:29:44,8/15/25 15:30:47,anonymous,Si,Mexico,Puebla,Puebla,Mexicana,2006,Femenino,Mujer,Profesional,No soy migrante. Soy originario de la ciudad de Puebla y estoy residiendo en ella.,,,,,,,,,,,,,,,,,,,,,,,,
56,8/15/25 15:30:50,8/15/25 15:34:03,anonymous,Si,Mexico,Oaxaca,Oaxaca de Juarez,Mexicana ,2007,Femenino,Mujer,Profesional,"Interna. Movimiento de personas dentro de un país, incluido dentro del mismo estado de Puebla (foráneos, o vienes de San Andrés Cholula, etc.).",Si,,De otro estado de la Republica Mexicana (distinto a Puebla),,Oaxaca,2025,Familiares,Con familia,2025,De acuerdo,Si,No,No,Buena,Bien,Bien,Bien,Neutro,Bien,Bien,Nada,Si,No tengo planes de moverme de ciudad ,No
57,8/15/25 15:59:29,8/15/25 16:03:16,anonymous,Si,Mexico,Atizapan de Zaragosa,CDMX,Mexicana,2004,Masculino,Hombre,Profesional,"Interna. Movimiento de personas dentro de un país, incluido dentro del mismo estado de Puebla (foráneos, o vienes de San Andrés Cholula, etc.).",Si,,De otro estado de la Republica Mexicana (distinto a Puebla),,Morelos,2025,Estudios,Con familia,2025,Neutro,Si,No,Si,buena,Bien,Bien,Bien,Bien,Bien,Bien,de momento no tengo una en mente,Si,es un campus con muchas oportunidades,Si
58,8/15/25 16:54:00,8/15/25 16:57:09,anonymous,Si,Mexico,Puebla,Atlixco,Mexicana,2004,Masculino,Hombre,Profesional,"Interna. Movimiento de personas dentro de un país, incluido dentro del mismo estado de Puebla (foráneos, o vienes de San Andrés Cholula, etc.).","No, voy y vengo todos los días de mi ciudad al campus (por ejemplo: de Atlixco, Tlaxcala, San Pedro Cholula, etc.).",Atlixco,,,,,,,2019,Neutro,No,No,Si,Pues amigos,Bien,Bien,Bien,Bien,Bien,Bien,"No tengo problema con el campus, pero sería factible que los horarios no estén tan dispersos, es decir gran cantidad de horas libres entre clases",No,No lo he pensado,No
59,8/15/25 17:57:02,8/15/25 17:58:36,anonymous,Si,Mexico,CDMX,Ciudad de México,Mexicano,2006,Masculino,Hombre,Profesional,No soy migrante. Soy originario de la ciudad de Puebla y estoy residiendo en ella.,,,,,,,,,,,,,,,,,,,,,,,,
60,8/15/25 18:09:44,8/15/25 18:10:38,anonymous,Si,Mexico,Puebla,Puebla,Mexicana,2007,Masculino,No binario,Profesional,No soy migrante. Soy originario de la ciudad de Puebla y estoy residiendo en ella.,,,,,,,,,,,,,,,,,,,,,,,,
61,8/15/25 18:14:14,8/15/25 18:14:54,anonymous,Si,Mexico,Puebla,Puebla,Mexicana,2006,Masculino,Hombre,Profesional,No soy migrante. Soy originario de la ciudad de Puebla y estoy residiendo en ella.,,,,,,,,,,,,,,,,,,,,,,,,
62,8/15/25 19:51:15,8/15/25 19:52:12,anonymous,Si,Mexico,Puebla,Puebla,Mexicana,2005,Femenino,Mujer,Profesional,No soy migrante. Soy originario de la ciudad de Puebla y estoy residiendo en ella.,,,,,,,,,,,,,,,,,,,,,,,,
63,8/15/25 21:05:39,8/15/25 21:07:33,anonymous,Si,Mexico,Veracruz,Martinez de la torre,Mexicana,2006,Masculino,Hombre,Profesional,"Interna. Movimiento de personas dentro de un país, incluido dentro del mismo estado de Puebla (foráneos, o vienes de San Andrés Cholula, etc.).",Si,,De otro estado de la Republica Mexicana (distinto a Puebla),,Veracruz de Ignacio de la Llave,2022,Estudios,Solo(a),2022,De acuerdo,Si,No,Si,Muy bien,Muy bien,Neutro,Neutro,Neutro,Muy bien,Muy bien,Que se animen a convivir más para no sentirse solos,Si,Me gusta y tiene buen nivel en arquitectura,Si
64,8/15/25 21:09:57,8/15/25 21:13:30,anonymous,Si,Mexico,CDMX,Ciudad de México ,Mexicano ,2006,Masculino,Hombre,Profesional,"Interna. Movimiento de personas dentro de un país, incluido dentro del mismo estado de Puebla (foráneos, o vienes de San Andrés Cholula, etc.).",Si,,De otro estado de la Republica Mexicana (distinto a Puebla),,Hidalgo,2025,Estudios,Con amistades,2025,Completamente de acuerdo,Si,No,Si,Muy buena ,Muy bien,Neutro,Muy bien,Bien,Bien,Muy bien,Algún medio de transporte como bicicletas o Scooter para trasladarse entre aulas.,Si,Mi carrera no esta completa en mi estado de origen ,Si
65,8/15/25 21:15:31,8/15/25 21:16:25,anonymous,Si,Mexico,Puebla,Puebla,Mexicana,2007,Femenino,Mujer,Profesional,No soy migrante. Soy originario de la ciudad de Puebla y estoy residiendo en ella.,,,,,,,,,,,,,,,,,,,,,,,,
66,8/15/25 21:35:47,8/15/25 21:40:19,anonymous,Si,Mexico,Veracruz ,Coatzacoalcos ,Mexicana ,2006,Femenino,Mujer,Profesional,"Interna. Movimiento de personas dentro de un país, incluido dentro del mismo estado de Puebla (foráneos, o vienes de San Andrés Cholula, etc.).",Si,,De otro estado de la Republica Mexicana (distinto a Puebla),,Veracruz de Ignacio de la Llave,2024,Estudios,Solo(a),2024,De acuerdo,Si,No,Si,Unos amigos cercanos que conocí en la uni,Bien,Neutro,Mal,Neutro,Bien,Mal,Apoyos en transportes y comida,No,Me gustaría graduarme en campus Monterrey ,No
67,8/15/25 22:20:46,8/15/25 22:24:13,anonymous,Si,Mexico,Hidalgo,Tulancingo de Bravo,Mexicana ,2002,Masculino,Hombre,Profesional,"Interna. Movimiento de personas dentro de un país, incluido dentro del mismo estado de Puebla (foráneos, o vienes de San Andrés Cholula, etc.).",Si,,De otro estado de la Republica Mexicana (distinto a Puebla),,Hidalgo,2023,Estudios,Solo(a),2023,Completamente de acuerdo,Si,No,Si,Muy buena,Bien,Neutro,Mal,Mal,Mal,Neutro,Más psicológos que puedan apoyar,Si,Porque tengo una beca en el campus y quiero ejercer mi profesión muy probablemente allá,Si
68,8/16/25 15:04:46,8/16/25 15:05:47,anonymous,Si,Mexico,Puebla ,Puebla,Mexicana ,2006,Masculino,Hombre,Profesional,No soy migrante. Soy originario de la ciudad de Puebla y estoy residiendo en ella.,,,,,,,,,,,,,,,,,,,,,,,,
69,8/17/25 0:04:57,8/17/25 0:05:44,anonymous,Si,Mexico,Puebla,Puebla,Mexicana,2007,Femenino,Mujer,Profesional,No soy migrante. Soy originario de la ciudad de Puebla y estoy residiendo en ella.,,,,,,,,,,,,,,,,,,,,,,,,
70,8/18/25 7:15:41,8/18/25 7:30:09,anonymous,Si,Mexico,San Luis Potosi,San Luis Potosi,Mexicano,2005,Masculino,Hombre,Profesional,"Interna. Movimiento de personas dentro de un país, incluido dentro del mismo estado de Puebla (foráneos, o vienes de San Andrés Cholula, etc.).",Si,,De otro estado de la Republica Mexicana (distinto a Puebla),,San Luis Potosi,2024,Estudios,Solo(a),2024,De acuerdo,Si,No,Si,Solida y solidaria,Bien,Neutro,Neutro,Bien,Neutro,Bien,"Crear un grupo académico que ayude a todos los migrantes, a integrarse al campus y a la comunidad tec,  en caso de necesitarlo a la cultura y al país",Si,Porque estoy estudiando aquí,Si
